n;mean_accuracy;std_of_accuracy
2;0.4722222222222222;0.02777777777777779
3;0.4444444444444444;0.15713484026367722
4;0.25;0.14433756729740643
5;0.26666666666666666;0.13333333333333333
