n;mean_accuracy;std_of_accuracy;
2;22.799999999999997;1.1999999999999997
3;21.788472964943555;2.6050310918692037
4;24.4;2.0000000000000004
5;21.400000000000002;2.0591260281974
6;21.397058823529413;1.7860232061016348
7;20.163265306122447;4.121483463862758
8;23.44551282051282;3.9709650003730874
9;22.23905723905724;3.794121305770094
