n;mean_accuracy;std_of_accuracy
2;0.2777777777777778;0.05555555555555555
2;0.2777777777777778;0.05555555555555555
2;0.2777777777777778;0.05555555555555555
3;0.4444444444444444;0.07856742013183862
3;0.4444444444444444;0.07856742013183862
3;0.4444444444444444;0.07856742013183862
4;0.37499999999999994;0.07216878364870323
4;0.37499999999999994;0.07216878364870323
4;0.37499999999999994;0.07216878364870323
